"id","start_date","expiry_date"
"account_intrastat.account_intrastat_transaction_1","","2022-01-01"
"account_intrastat.account_intrastat_transaction_2","","2022-01-01"
"account_intrastat.account_intrastat_transaction_3","","2022-01-01"
"account_intrastat.account_intrastat_transaction_4","","2022-01-01"
"account_intrastat.account_intrastat_transaction_5","","2022-01-01"
"account_intrastat.account_intrastat_transaction_6","","2022-01-01"
"account_intrastat.account_intrastat_transaction_7","","2022-01-01"
"account_intrastat.account_intrastat_transaction_8","","2022-01-01"
"account_intrastat.account_intrastat_transaction_9","","2022-01-01"
"account_intrastat.account_intrastat_transaction_11","2022-01-01",""
"account_intrastat.account_intrastat_transaction_12","2022-01-01",""
"account_intrastat.account_intrastat_transaction_21","2022-01-01",""
"account_intrastat.account_intrastat_transaction_22","2022-01-01",""
"account_intrastat.account_intrastat_transaction_23","2022-01-01",""
"account_intrastat.account_intrastat_transaction_31","2022-01-01",""
"account_intrastat.account_intrastat_transaction_32","2022-01-01",""
"account_intrastat.account_intrastat_transaction_33","2022-01-01",""
"account_intrastat.account_intrastat_transaction_34","2022-01-01",""
"account_intrastat.account_intrastat_transaction_41","2022-01-01",""
"account_intrastat.account_intrastat_transaction_42","2022-01-01",""
"account_intrastat.account_intrastat_transaction_51","2022-01-01",""
"account_intrastat.account_intrastat_transaction_52","2022-01-01",""
"account_intrastat.account_intrastat_transaction_60","2022-01-01",""
"account_intrastat.account_intrastat_transaction_71","2022-01-01",""
"account_intrastat.account_intrastat_transaction_72","2022-01-01",""
"account_intrastat.account_intrastat_transaction_80","2022-01-01",""
"account_intrastat.account_intrastat_transaction_91","2022-01-01",""
"account_intrastat.account_intrastat_transaction_99","2022-01-01",""
"account_intrastat.commodity_code_2018_15091010","","2022-01-01"
"account_intrastat.commodity_code_2018_15091020","","2022-01-01"
"account_intrastat.commodity_code_2018_15091080","","2022-01-01"
"account_intrastat.commodity_code_2018_15100010","","2022-01-01"
"account_intrastat.commodity_code_2018_15100090","","2022-01-01"
"account_intrastat.commodity_code_2018_25183000","","2022-01-01"
"account_intrastat.commodity_code_2018_28444010","","2022-01-01"
"account_intrastat.commodity_code_2018_28444020","","2022-01-01"
"account_intrastat.commodity_code_2018_28444030","","2022-01-01"
"account_intrastat.commodity_code_2018_28444080","","2022-01-01"
"account_intrastat.commodity_code_2018_29033100","","2022-01-01"
"account_intrastat.commodity_code_2018_29033911","","2022-01-01"
"account_intrastat.commodity_code_2018_29033915","","2022-01-01"
"account_intrastat.commodity_code_2018_29033919","","2022-01-01"
"account_intrastat.commodity_code_2018_29033921","","2022-01-01"
"account_intrastat.commodity_code_2018_29033923","","2022-01-01"
"account_intrastat.commodity_code_2018_29033924","","2022-01-01"
"account_intrastat.commodity_code_2018_29033925","","2022-01-01"
"account_intrastat.commodity_code_2018_29033926","","2022-01-01"
"account_intrastat.commodity_code_2018_29033927","","2022-01-01"
"account_intrastat.commodity_code_2018_29033928","","2022-01-01"
"account_intrastat.commodity_code_2018_29033929","","2022-01-01"
"account_intrastat.commodity_code_2018_29033931","","2022-01-01"
"account_intrastat.commodity_code_2018_29033935","","2022-01-01"
"account_intrastat.commodity_code_2018_29033939","","2022-01-01"
"account_intrastat.commodity_code_2018_29033980","","2022-01-01"
"account_intrastat.commodity_code_2018_29096000","","2022-01-01"
"account_intrastat.commodity_code_2018_29313100","","2022-01-01"
"account_intrastat.commodity_code_2018_29313200","","2022-01-01"
"account_intrastat.commodity_code_2018_29313300","","2022-01-01"
"account_intrastat.commodity_code_2018_29313400","","2022-01-01"
"account_intrastat.commodity_code_2018_29313500","","2022-01-01"
"account_intrastat.commodity_code_2018_29313600","","2022-01-01"
"account_intrastat.commodity_code_2018_29313700","","2022-01-01"
"account_intrastat.commodity_code_2018_29313800","","2022-01-01"
"account_intrastat.commodity_code_2018_29313920","","2022-01-01"
"account_intrastat.commodity_code_2018_29313930","","2022-01-01"
"account_intrastat.commodity_code_2018_29313950","","2022-01-01"
"account_intrastat.commodity_code_2018_29313960","","2022-01-01"
"account_intrastat.commodity_code_2018_29313990","","2022-01-01"
"account_intrastat.commodity_code_2018_29397100","","2022-01-01"
"account_intrastat.commodity_code_2018_30021100","","2022-01-01"
"account_intrastat.commodity_code_2018_30021900","","2022-01-01"
"account_intrastat.commodity_code_2018_30023000","","2022-01-01"
"account_intrastat.commodity_code_2018_30029050","","2022-01-01"
"account_intrastat.commodity_code_2018_30062000","","2022-01-01"
"account_intrastat.commodity_code_2018_3051000","","2022-01-01"
"account_intrastat.commodity_code_2018_3072100","","2022-01-01"
"account_intrastat.commodity_code_2018_3072900","","2022-01-01"
"account_intrastat.commodity_code_2018_33012941","","2022-01-01"
"account_intrastat.commodity_code_2018_34021110","","2022-01-01"
"account_intrastat.commodity_code_2018_34021190","","2022-01-01"
"account_intrastat.commodity_code_2018_34021200","","2022-01-01"
"account_intrastat.commodity_code_2018_34021300","","2022-01-01"
"account_intrastat.commodity_code_2018_34021900","","2022-01-01"
"account_intrastat.commodity_code_2018_34022020","","2022-01-01"
"account_intrastat.commodity_code_2018_34022090","","2022-01-01"
"account_intrastat.commodity_code_2018_36030020","","2022-01-01"
"account_intrastat.commodity_code_2018_36030030","","2022-01-01"
"account_intrastat.commodity_code_2018_36030040","","2022-01-01"
"account_intrastat.commodity_code_2018_36030050","","2022-01-01"
"account_intrastat.commodity_code_2018_36030060","","2022-01-01"
"account_intrastat.commodity_code_2018_36030080","","2022-01-01"
"account_intrastat.commodity_code_2018_38160000","","2022-01-01"
"account_intrastat.commodity_code_2018_38220000","","2022-01-01"
"account_intrastat.commodity_code_2018_38247100","","2022-01-01"
"account_intrastat.commodity_code_2018_38247200","","2022-01-01"
"account_intrastat.commodity_code_2018_38247300","","2022-01-01"
"account_intrastat.commodity_code_2018_38247400","","2022-01-01"
"account_intrastat.commodity_code_2018_38247500","","2022-01-01"
"account_intrastat.commodity_code_2018_38247600","","2022-01-01"
"account_intrastat.commodity_code_2018_38247700","","2022-01-01"
"account_intrastat.commodity_code_2018_38247810","","2022-01-01"
"account_intrastat.commodity_code_2018_38247820","","2022-01-01"
"account_intrastat.commodity_code_2018_38247830","","2022-01-01"
"account_intrastat.commodity_code_2018_38247840","","2022-01-01"
"account_intrastat.commodity_code_2018_38247880","","2022-01-01"
"account_intrastat.commodity_code_2018_38247890","","2022-01-01"
"account_intrastat.commodity_code_2018_38247900","","2022-01-01"
"account_intrastat.commodity_code_2018_38249956","","2022-01-01"
"account_intrastat.commodity_code_2018_38249957","","2022-01-01"
"account_intrastat.commodity_code_2018_38249958","","2022-01-01"
"account_intrastat.commodity_code_2018_39072011","","2022-01-01"
"account_intrastat.commodity_code_2018_39072020","","2022-01-01"
"account_intrastat.commodity_code_2018_39072091","","2022-01-01"
"account_intrastat.commodity_code_2018_39072099","","2022-01-01"
"account_intrastat.commodity_code_2018_40151100","","2022-01-01"
"account_intrastat.commodity_code_2018_4031011","","2022-01-01"
"account_intrastat.commodity_code_2018_4031013","","2022-01-01"
"account_intrastat.commodity_code_2018_4031019","","2022-01-01"
"account_intrastat.commodity_code_2018_4031031","","2022-01-01"
"account_intrastat.commodity_code_2018_4031033","","2022-01-01"
"account_intrastat.commodity_code_2018_4031039","","2022-01-01"
"account_intrastat.commodity_code_2018_4031051","","2022-01-01"
"account_intrastat.commodity_code_2018_4031053","","2022-01-01"
"account_intrastat.commodity_code_2018_4031059","","2022-01-01"
"account_intrastat.commodity_code_2018_4031091","","2022-01-01"
"account_intrastat.commodity_code_2018_4031093","","2022-01-01"
"account_intrastat.commodity_code_2018_4031099","","2022-01-01"
"account_intrastat.commodity_code_2018_4100000","","2022-01-01"
"account_intrastat.commodity_code_2018_44014010","","2022-01-01"
"account_intrastat.commodity_code_2018_44014090","","2022-01-01"
"account_intrastat.commodity_code_2018_44111290","","2022-01-01"
"account_intrastat.commodity_code_2018_44111390","","2022-01-01"
"account_intrastat.commodity_code_2018_44111490","","2022-01-01"
"account_intrastat.commodity_code_2018_44119310","","2022-01-01"
"account_intrastat.commodity_code_2018_44119390","","2022-01-01"
"account_intrastat.commodity_code_2018_44123300","","2022-01-01"
"account_intrastat.commodity_code_2018_44129410","","2022-01-01"
"account_intrastat.commodity_code_2018_44129490","","2022-01-01"
"account_intrastat.commodity_code_2018_44129930","","2022-01-01"
"account_intrastat.commodity_code_2018_44129940","","2022-01-01"
"account_intrastat.commodity_code_2018_44129950","","2022-01-01"
"account_intrastat.commodity_code_2018_44129985","","2022-01-01"
"account_intrastat.commodity_code_2018_44140010","","2022-01-01"
"account_intrastat.commodity_code_2018_44140090","","2022-01-01"
"account_intrastat.commodity_code_2018_44181010","","2022-01-01"
"account_intrastat.commodity_code_2018_44181050","","2022-01-01"
"account_intrastat.commodity_code_2018_44181090","","2022-01-01"
"account_intrastat.commodity_code_2018_44182010","","2022-01-01"
"account_intrastat.commodity_code_2018_44182050","","2022-01-01"
"account_intrastat.commodity_code_2018_44182080","","2022-01-01"
"account_intrastat.commodity_code_2018_44186000","","2022-01-01"
"account_intrastat.commodity_code_2018_44189910","","2022-01-01"
"account_intrastat.commodity_code_2018_44189990","","2022-01-01"
"account_intrastat.commodity_code_2018_44199010","","2022-01-01"
"account_intrastat.commodity_code_2018_44199090","","2022-01-01"
"account_intrastat.commodity_code_2018_44201011","","2022-01-01"
"account_intrastat.commodity_code_2018_44201019","","2022-01-01"
"account_intrastat.commodity_code_2018_44219991","","2022-01-01"
"account_intrastat.commodity_code_2018_49051000","","2022-01-01"
"account_intrastat.commodity_code_2018_49059100","","2022-01-01"
"account_intrastat.commodity_code_2018_49059900","","2022-01-01"
"account_intrastat.commodity_code_2018_55011000","","2022-01-01"
"account_intrastat.commodity_code_2018_57032012","","2022-01-01"
"account_intrastat.commodity_code_2018_57032018","","2022-01-01"
"account_intrastat.commodity_code_2018_57032092","","2022-01-01"
"account_intrastat.commodity_code_2018_57032098","","2022-01-01"
"account_intrastat.commodity_code_2018_57033012","","2022-01-01"
"account_intrastat.commodity_code_2018_57033018","","2022-01-01"
"account_intrastat.commodity_code_2018_57033082","","2022-01-01"
"account_intrastat.commodity_code_2018_57033088","","2022-01-01"
"account_intrastat.commodity_code_2018_58021100","","2022-01-01"
"account_intrastat.commodity_code_2018_58021900","","2022-01-01"
"account_intrastat.commodity_code_2018_62011100","","2022-01-01"
"account_intrastat.commodity_code_2018_62011210","","2022-01-01"
"account_intrastat.commodity_code_2018_62011290","","2022-01-01"
"account_intrastat.commodity_code_2018_62011310","","2022-01-01"
"account_intrastat.commodity_code_2018_62011390","","2022-01-01"
"account_intrastat.commodity_code_2018_62011900","","2022-01-01"
"account_intrastat.commodity_code_2018_62019100","","2022-01-01"
"account_intrastat.commodity_code_2018_62019200","","2022-01-01"
"account_intrastat.commodity_code_2018_62019300","","2022-01-01"
"account_intrastat.commodity_code_2018_62019900","","2022-01-01"
"account_intrastat.commodity_code_2018_62021100","","2022-01-01"
"account_intrastat.commodity_code_2018_62021210","","2022-01-01"
"account_intrastat.commodity_code_2018_62021290","","2022-01-01"
"account_intrastat.commodity_code_2018_62021310","","2022-01-01"
"account_intrastat.commodity_code_2018_62021390","","2022-01-01"
"account_intrastat.commodity_code_2018_62021900","","2022-01-01"
"account_intrastat.commodity_code_2018_62029100","","2022-01-01"
"account_intrastat.commodity_code_2018_62029200","","2022-01-01"
"account_intrastat.commodity_code_2018_62029300","","2022-01-01"
"account_intrastat.commodity_code_2018_62029900","","2022-01-01"
"account_intrastat.commodity_code_2018_68129200","","2022-01-01"
"account_intrastat.commodity_code_2018_68129300","","2022-01-01"
"account_intrastat.commodity_code_2018_68151010","","2022-01-01"
"account_intrastat.commodity_code_2018_68151090","","2022-01-01"
"account_intrastat.commodity_code_2018_70191910","","2022-01-01"
"account_intrastat.commodity_code_2018_70191990","","2022-01-01"
"account_intrastat.commodity_code_2018_70193100","","2022-01-01"
"account_intrastat.commodity_code_2018_70193200","","2022-01-01"
"account_intrastat.commodity_code_2018_70193900","","2022-01-01"
"account_intrastat.commodity_code_2018_70194000","","2022-01-01"
"account_intrastat.commodity_code_2018_70195100","","2022-01-01"
"account_intrastat.commodity_code_2018_70195200","","2022-01-01"
"account_intrastat.commodity_code_2018_70195900","","2022-01-01"
"account_intrastat.commodity_code_2018_7041000","","2022-01-01"
"account_intrastat.commodity_code_2018_7095910","","2022-01-01"
"account_intrastat.commodity_code_2018_7095930","","2022-01-01"
"account_intrastat.commodity_code_2018_7095950","","2022-01-01"
"account_intrastat.commodity_code_2018_7095990","","2022-01-01"
"account_intrastat.commodity_code_2018_73043910","","2022-01-01"
"account_intrastat.commodity_code_2018_73043952","","2022-01-01"
"account_intrastat.commodity_code_2018_73043958","","2022-01-01"
"account_intrastat.commodity_code_2018_73043992","","2022-01-01"
"account_intrastat.commodity_code_2018_73043993","","2022-01-01"
"account_intrastat.commodity_code_2018_73043998","","2022-01-01"
"account_intrastat.commodity_code_2018_73044910","","2022-01-01"
"account_intrastat.commodity_code_2018_73044993","","2022-01-01"
"account_intrastat.commodity_code_2018_73044995","","2022-01-01"
"account_intrastat.commodity_code_2018_73044999","","2022-01-01"
"account_intrastat.commodity_code_2018_73045112","","2022-01-01"
"account_intrastat.commodity_code_2018_73045118","","2022-01-01"
"account_intrastat.commodity_code_2018_73045910","","2022-01-01"
"account_intrastat.commodity_code_2018_73045932","","2022-01-01"
"account_intrastat.commodity_code_2018_73045938","","2022-01-01"
"account_intrastat.commodity_code_2018_73045992","","2022-01-01"
"account_intrastat.commodity_code_2018_73045993","","2022-01-01"
"account_intrastat.commodity_code_2018_73045999","","2022-01-01"
"account_intrastat.commodity_code_2018_73061110","","2022-01-01"
"account_intrastat.commodity_code_2018_73061190","","2022-01-01"
"account_intrastat.commodity_code_2018_73061910","","2022-01-01"
"account_intrastat.commodity_code_2018_73061990","","2022-01-01"
"account_intrastat.commodity_code_2018_73063011","","2022-01-01"
"account_intrastat.commodity_code_2018_73063019","","2022-01-01"
"account_intrastat.commodity_code_2018_73065020","","2022-01-01"
"account_intrastat.commodity_code_2018_74191000","","2022-01-01"
"account_intrastat.commodity_code_2018_74199100","","2022-01-01"
"account_intrastat.commodity_code_2018_74199910","","2022-01-01"
"account_intrastat.commodity_code_2018_74199930","","2022-01-01"
"account_intrastat.commodity_code_2018_74199990","","2022-01-01"
"account_intrastat.commodity_code_2018_76061110","","2022-01-01"
"account_intrastat.commodity_code_2018_76061220","","2022-01-01"
"account_intrastat.commodity_code_2018_76072090","","2022-01-01"
"account_intrastat.commodity_code_2018_8029010","","2022-01-01"
"account_intrastat.commodity_code_2018_8029050","","2022-01-01"
"account_intrastat.commodity_code_2018_8029085","","2022-01-01"
"account_intrastat.commodity_code_2018_81039010","","2022-01-01"
"account_intrastat.commodity_code_2018_81039090","","2022-01-01"
"account_intrastat.commodity_code_2018_81060010","","2022-01-01"
"account_intrastat.commodity_code_2018_81060090","","2022-01-01"
"account_intrastat.commodity_code_2018_81072000","","2022-01-01"
"account_intrastat.commodity_code_2018_81073000","","2022-01-01"
"account_intrastat.commodity_code_2018_81079000","","2022-01-01"
"account_intrastat.commodity_code_2018_81092000","","2022-01-01"
"account_intrastat.commodity_code_2018_81093000","","2022-01-01"
"account_intrastat.commodity_code_2018_81099000","","2022-01-01"
"account_intrastat.commodity_code_2018_81129210","","2022-01-01"
"account_intrastat.commodity_code_2018_81129231","","2022-01-01"
"account_intrastat.commodity_code_2018_81129920","","2022-01-01"
"account_intrastat.commodity_code_2018_81129930","","2022-01-01"
"account_intrastat.commodity_code_2018_84193100","","2022-01-01"
"account_intrastat.commodity_code_2018_84193200","","2022-01-01"
"account_intrastat.commodity_code_2018_84621010","","2022-01-01"
"account_intrastat.commodity_code_2018_84621090","","2022-01-01"
"account_intrastat.commodity_code_2018_84622110","","2022-01-01"
"account_intrastat.commodity_code_2018_84622180","","2022-01-01"
"account_intrastat.commodity_code_2018_84622991","","2022-01-01"
"account_intrastat.commodity_code_2018_84622998","","2022-01-01"
"account_intrastat.commodity_code_2018_84623100","","2022-01-01"
"account_intrastat.commodity_code_2018_84623910","","2022-01-01"
"account_intrastat.commodity_code_2018_84623991","","2022-01-01"
"account_intrastat.commodity_code_2018_84623999","","2022-01-01"
"account_intrastat.commodity_code_2018_84624110","","2022-01-01"
"account_intrastat.commodity_code_2018_84624190","","2022-01-01"
"account_intrastat.commodity_code_2018_84624910","","2022-01-01"
"account_intrastat.commodity_code_2018_84624990","","2022-01-01"
"account_intrastat.commodity_code_2018_84629120","","2022-01-01"
"account_intrastat.commodity_code_2018_84629180","","2022-01-01"
"account_intrastat.commodity_code_2018_84629920","","2022-01-01"
"account_intrastat.commodity_code_2018_84629980","","2022-01-01"
"account_intrastat.commodity_code_2018_85074000","","2022-01-01"
"account_intrastat.commodity_code_2018_85141010","","2022-01-01"
"account_intrastat.commodity_code_2018_85141080","","2022-01-01"
"account_intrastat.commodity_code_2018_85143020","","2022-01-01"
"account_intrastat.commodity_code_2018_85143080","","2022-01-01"
"account_intrastat.commodity_code_2018_85171200","","2022-01-01"
"account_intrastat.commodity_code_2018_85177000","","2022-01-01"
"account_intrastat.commodity_code_2018_85195000","","2022-01-01"
"account_intrastat.commodity_code_2018_85258011","","2022-01-01"
"account_intrastat.commodity_code_2018_85258019","","2022-01-01"
"account_intrastat.commodity_code_2018_85258030","","2022-01-01"
"account_intrastat.commodity_code_2018_85258091","","2022-01-01"
"account_intrastat.commodity_code_2018_85258099","","2022-01-01"
"account_intrastat.commodity_code_2018_85299041","","2022-01-01"
"account_intrastat.commodity_code_2018_85299049","","2022-01-01"
"account_intrastat.commodity_code_2018_85395000","","2022-01-01"
"account_intrastat.commodity_code_2018_85414010","","2022-01-01"
"account_intrastat.commodity_code_2018_85414090","","2022-01-01"
"account_intrastat.commodity_code_2018_85415000","","2022-01-01"
"account_intrastat.commodity_code_2018_85437070","","2022-01-01"
"account_intrastat.commodity_code_2018_85481010","","2022-01-01"
"account_intrastat.commodity_code_2018_85481021","","2022-01-01"
"account_intrastat.commodity_code_2018_85481029","","2022-01-01"
"account_intrastat.commodity_code_2018_85481091","","2022-01-01"
"account_intrastat.commodity_code_2018_85481099","","2022-01-01"
"account_intrastat.commodity_code_2018_85489020","","2022-01-01"
"account_intrastat.commodity_code_2018_85489030","","2022-01-01"
"account_intrastat.commodity_code_2018_85489090","","2022-01-01"
"account_intrastat.commodity_code_2018_87012010","","2022-01-01"
"account_intrastat.commodity_code_2018_87012090","","2022-01-01"
"account_intrastat.commodity_code_2018_88031000","","2022-01-01"
"account_intrastat.commodity_code_2018_88032000","","2022-01-01"
"account_intrastat.commodity_code_2018_88033000","","2022-01-01"
"account_intrastat.commodity_code_2018_88039010","","2022-01-01"
"account_intrastat.commodity_code_2018_88039021","","2022-01-01"
"account_intrastat.commodity_code_2018_88039029","","2022-01-01"
"account_intrastat.commodity_code_2018_88039030","","2022-01-01"
"account_intrastat.commodity_code_2018_88039090","","2022-01-01"
"account_intrastat.commodity_code_2018_89031010","","2022-01-01"
"account_intrastat.commodity_code_2018_89031090","","2022-01-01"
"account_intrastat.commodity_code_2018_89039110","","2022-01-01"
"account_intrastat.commodity_code_2018_89039190","","2022-01-01"
"account_intrastat.commodity_code_2018_89039210","","2022-01-01"
"account_intrastat.commodity_code_2018_89039291","","2022-01-01"
"account_intrastat.commodity_code_2018_89039299","","2022-01-01"
"account_intrastat.commodity_code_2018_89039991","","2022-01-01"
"account_intrastat.commodity_code_2018_90065100","","2022-01-01"
"account_intrastat.commodity_code_2018_90065200","","2022-01-01"
"account_intrastat.commodity_code_2018_90138020","","2022-01-01"
"account_intrastat.commodity_code_2018_90138030","","2022-01-01"
"account_intrastat.commodity_code_2018_90138090","","2022-01-01"
"account_intrastat.commodity_code_2018_90139010","","2022-01-01"
"account_intrastat.commodity_code_2018_90278005","","2022-01-01"
"account_intrastat.commodity_code_2018_91141000","","2022-01-01"
"account_intrastat.commodity_code_2018_91149000","","2022-01-01"
"account_intrastat.commodity_code_2018_94013000","","2022-01-01"
"account_intrastat.commodity_code_2018_94014000","","2022-01-01"
"account_intrastat.commodity_code_2018_94019010","","2022-01-01"
"account_intrastat.commodity_code_2018_94019030","","2022-01-01"
"account_intrastat.commodity_code_2018_94019080","","2022-01-01"
"account_intrastat.commodity_code_2018_94039010","","2022-01-01"
"account_intrastat.commodity_code_2018_94039030","","2022-01-01"
"account_intrastat.commodity_code_2018_94039090","","2022-01-01"
"account_intrastat.commodity_code_2018_94051021","","2022-01-01"
"account_intrastat.commodity_code_2018_94051040","","2022-01-01"
"account_intrastat.commodity_code_2018_94051050","","2022-01-01"
"account_intrastat.commodity_code_2018_94051091","","2022-01-01"
"account_intrastat.commodity_code_2018_94051098","","2022-01-01"
"account_intrastat.commodity_code_2018_94052011","","2022-01-01"
"account_intrastat.commodity_code_2018_94052040","","2022-01-01"
"account_intrastat.commodity_code_2018_94052050","","2022-01-01"
"account_intrastat.commodity_code_2018_94052091","","2022-01-01"
"account_intrastat.commodity_code_2018_94052099","","2022-01-01"
"account_intrastat.commodity_code_2018_94053000","","2022-01-01"
"account_intrastat.commodity_code_2018_94054010","","2022-01-01"
"account_intrastat.commodity_code_2018_94054031","","2022-01-01"
"account_intrastat.commodity_code_2018_94054035","","2022-01-01"
"account_intrastat.commodity_code_2018_94054039","","2022-01-01"
"account_intrastat.commodity_code_2018_94054091","","2022-01-01"
"account_intrastat.commodity_code_2018_94054095","","2022-01-01"
"account_intrastat.commodity_code_2018_94054099","","2022-01-01"
"account_intrastat.commodity_code_2018_94056020","","2022-01-01"
"account_intrastat.commodity_code_2018_94056080","","2022-01-01"
"account_intrastat.commodity_code_2018_95089000","","2022-01-01"
"account_intrastat.commodity_code_2018_97011000","","2022-01-01"
"account_intrastat.commodity_code_2018_97019000","","2022-01-01"
"account_intrastat.commodity_code_2018_97020000","","2022-01-01"
"account_intrastat.commodity_code_2018_97030000","","2022-01-01"
"account_intrastat.commodity_code_2018_97050000","","2022-01-01"
"account_intrastat.commodity_code_2018_97060000","","2022-01-01"
"account_intrastat.commodity_code_2020_71042010","","2022-01-01"
"account_intrastat.commodity_code_2020_71042090","","2022-01-01"
"account_intrastat.commodity_code_2020_71049010","","2022-01-01"
"account_intrastat.commodity_code_2020_71049090","","2022-01-01"
"account_intrastat.commodity_code_2020_90278020","","2022-01-01"
"account_intrastat.commodity_code_2020_90278080","","2022-01-01"
"account_intrastat.commodity_code_2022_03072110","2022-01-01",""
"account_intrastat.commodity_code_2022_03072190","2022-01-01",""
"account_intrastat.commodity_code_2022_03072295","2022-01-01",""
"account_intrastat.commodity_code_2022_03072910","2022-01-01",""
"account_intrastat.commodity_code_2022_03072990","2022-01-01",""
"account_intrastat.commodity_code_2022_03091000","2022-01-01",""
"account_intrastat.commodity_code_2022_03099000","2022-01-01",""
"account_intrastat.commodity_code_2022_04032011","2022-01-01",""
"account_intrastat.commodity_code_2022_04032013","2022-01-01",""
"account_intrastat.commodity_code_2022_04032019","2022-01-01",""
"account_intrastat.commodity_code_2022_04032031","2022-01-01",""
"account_intrastat.commodity_code_2022_04032033","2022-01-01",""
"account_intrastat.commodity_code_2022_04032039","2022-01-01",""
"account_intrastat.commodity_code_2022_04032041","2022-01-01",""
"account_intrastat.commodity_code_2022_04032049","2022-01-01",""
"account_intrastat.commodity_code_2022_04032051","2022-01-01",""
"account_intrastat.commodity_code_2022_04032053","2022-01-01",""
"account_intrastat.commodity_code_2022_04032059","2022-01-01",""
"account_intrastat.commodity_code_2022_04032091","2022-01-01",""
"account_intrastat.commodity_code_2022_04032093","2022-01-01",""
"account_intrastat.commodity_code_2022_04032099","2022-01-01",""
"account_intrastat.commodity_code_2022_04101010","2022-01-01",""
"account_intrastat.commodity_code_2022_04101091","2022-01-01",""
"account_intrastat.commodity_code_2022_04101099","2022-01-01",""
"account_intrastat.commodity_code_2022_04109000","2022-01-01",""
"account_intrastat.commodity_code_2022_05080010","2022-01-01",""
"account_intrastat.commodity_code_2022_05080090","2022-01-01",""
"account_intrastat.commodity_code_2022_07041010","2022-01-01",""
"account_intrastat.commodity_code_2022_07041090","2022-01-01",""
"account_intrastat.commodity_code_2022_07095200","2022-01-01",""
"account_intrastat.commodity_code_2022_07095300","2022-01-01",""
"account_intrastat.commodity_code_2022_07095400","2022-01-01",""
"account_intrastat.commodity_code_2022_07095500","2022-01-01",""
"account_intrastat.commodity_code_2022_07095600","2022-01-01",""
"account_intrastat.commodity_code_2022_07095900","2022-01-01",""
"account_intrastat.commodity_code_2022_07123400","2022-01-01",""
"account_intrastat.commodity_code_2022_08029100","2022-01-01",""
"account_intrastat.commodity_code_2022_08029200","2022-01-01",""
"account_intrastat.commodity_code_2022_08029910","2022-01-01",""
"account_intrastat.commodity_code_2022_08029990","2022-01-01",""
"account_intrastat.commodity_code_2022_12116000","2022-01-01",""
"account_intrastat.commodity_code_2022_15092000","2022-01-01",""
"account_intrastat.commodity_code_2022_15093000","2022-01-01",""
"account_intrastat.commodity_code_2022_15094000","2022-01-01",""
"account_intrastat.commodity_code_2022_15101000","2022-01-01",""
"account_intrastat.commodity_code_2022_15109000","2022-01-01",""
"account_intrastat.commodity_code_2022_15156011","2022-01-01",""
"account_intrastat.commodity_code_2022_15156051","2022-01-01",""
"account_intrastat.commodity_code_2022_15156059","2022-01-01",""
"account_intrastat.commodity_code_2022_15156060","2022-01-01",""
"account_intrastat.commodity_code_2022_15156091","2022-01-01",""
"account_intrastat.commodity_code_2022_15156099","2022-01-01",""
"account_intrastat.commodity_code_2022_15163091","2022-01-01",""
"account_intrastat.commodity_code_2022_15163098","2022-01-01",""
"account_intrastat.commodity_code_2022_24041100","2022-01-01",""
"account_intrastat.commodity_code_2022_24041200","2022-01-01",""
"account_intrastat.commodity_code_2022_24041910","2022-01-01",""
"account_intrastat.commodity_code_2022_24041990","2022-01-01",""
"account_intrastat.commodity_code_2022_24049110","2022-01-01",""
"account_intrastat.commodity_code_2022_24049190","2022-01-01",""
"account_intrastat.commodity_code_2022_24049200","2022-01-01",""
"account_intrastat.commodity_code_2022_24049900","2022-01-01",""
"account_intrastat.commodity_code_2022_28047010","2022-01-01",""
"account_intrastat.commodity_code_2022_28047090","2022-01-01",""
"account_intrastat.commodity_code_2022_28444110","2022-01-01",""
"account_intrastat.commodity_code_2022_28444190","2022-01-01",""
"account_intrastat.commodity_code_2022_28444210","2022-01-01",""
"account_intrastat.commodity_code_2022_28444290","2022-01-01",""
"account_intrastat.commodity_code_2022_28444310","2022-01-01",""
"account_intrastat.commodity_code_2022_28444320","2022-01-01",""
"account_intrastat.commodity_code_2022_28444380","2022-01-01",""
"account_intrastat.commodity_code_2022_28444400","2022-01-01",""
"account_intrastat.commodity_code_2022_28452000","2022-01-01",""
"account_intrastat.commodity_code_2022_28453000","2022-01-01",""
"account_intrastat.commodity_code_2022_28454000","2022-01-01",""
"account_intrastat.commodity_code_2022_29034100","2022-01-01",""
"account_intrastat.commodity_code_2022_29034200","2022-01-01",""
"account_intrastat.commodity_code_2022_29034300","2022-01-01",""
"account_intrastat.commodity_code_2022_29034400","2022-01-01",""
"account_intrastat.commodity_code_2022_29034500","2022-01-01",""
"account_intrastat.commodity_code_2022_29034600","2022-01-01",""
"account_intrastat.commodity_code_2022_29034700","2022-01-01",""
"account_intrastat.commodity_code_2022_29034800","2022-01-01",""
"account_intrastat.commodity_code_2022_29034910","2022-01-01",""
"account_intrastat.commodity_code_2022_29034930","2022-01-01",""
"account_intrastat.commodity_code_2022_29034990","2022-01-01",""
"account_intrastat.commodity_code_2022_29035100","2022-01-01",""
"account_intrastat.commodity_code_2022_29035900","2022-01-01",""
"account_intrastat.commodity_code_2022_29036100","2022-01-01",""
"account_intrastat.commodity_code_2022_29036200","2022-01-01",""
"account_intrastat.commodity_code_2022_29036911","2022-01-01",""
"account_intrastat.commodity_code_2022_29036919","2022-01-01",""
"account_intrastat.commodity_code_2022_29036980","2022-01-01",""
"account_intrastat.commodity_code_2022_29096010","2022-01-01",""
"account_intrastat.commodity_code_2022_29096090","2022-01-01",""
"account_intrastat.commodity_code_2022_29301000","2022-01-01",""
"account_intrastat.commodity_code_2022_29314100","2022-01-01",""
"account_intrastat.commodity_code_2022_29314200","2022-01-01",""
"account_intrastat.commodity_code_2022_29314300","2022-01-01",""
"account_intrastat.commodity_code_2022_29314400","2022-01-01",""
"account_intrastat.commodity_code_2022_29314500","2022-01-01",""
"account_intrastat.commodity_code_2022_29314600","2022-01-01",""
"account_intrastat.commodity_code_2022_29314700","2022-01-01",""
"account_intrastat.commodity_code_2022_29314800","2022-01-01",""
"account_intrastat.commodity_code_2022_29314910","2022-01-01",""
"account_intrastat.commodity_code_2022_29314920","2022-01-01",""
"account_intrastat.commodity_code_2022_29314930","2022-01-01",""
"account_intrastat.commodity_code_2022_29314940","2022-01-01",""
"account_intrastat.commodity_code_2022_29314990","2022-01-01",""
"account_intrastat.commodity_code_2022_29315100","2022-01-01",""
"account_intrastat.commodity_code_2022_29315200","2022-01-01",""
"account_intrastat.commodity_code_2022_29315300","2022-01-01",""
"account_intrastat.commodity_code_2022_29315400","2022-01-01",""
"account_intrastat.commodity_code_2022_29315910","2022-01-01",""
"account_intrastat.commodity_code_2022_29315990","2022-01-01",""
"account_intrastat.commodity_code_2022_29329600","2022-01-01",""
"account_intrastat.commodity_code_2022_29333400","2022-01-01",""
"account_intrastat.commodity_code_2022_29333500","2022-01-01",""
"account_intrastat.commodity_code_2022_29333600","2022-01-01",""
"account_intrastat.commodity_code_2022_29333700","2022-01-01",""
"account_intrastat.commodity_code_2022_29349200","2022-01-01",""
"account_intrastat.commodity_code_2022_29394500","2022-01-01",""
"account_intrastat.commodity_code_2022_29397200","2022-01-01",""
"account_intrastat.commodity_code_2022_30024110","2022-01-01",""
"account_intrastat.commodity_code_2022_30024190","2022-01-01",""
"account_intrastat.commodity_code_2022_30024200","2022-01-01",""
"account_intrastat.commodity_code_2022_30024900","2022-01-01",""
"account_intrastat.commodity_code_2022_30025100","2022-01-01",""
"account_intrastat.commodity_code_2022_30025900","2022-01-01",""
"account_intrastat.commodity_code_2022_30069300","2022-01-01",""
"account_intrastat.commodity_code_2022_32041800","2022-01-01",""
"account_intrastat.commodity_code_2022_33012942","2022-01-01",""
"account_intrastat.commodity_code_2022_33012949","2022-01-01",""
"account_intrastat.commodity_code_2022_34023100","2022-01-01",""
"account_intrastat.commodity_code_2022_34023910","2022-01-01",""
"account_intrastat.commodity_code_2022_34023990","2022-01-01",""
"account_intrastat.commodity_code_2022_34024100","2022-01-01",""
"account_intrastat.commodity_code_2022_34024200","2022-01-01",""
"account_intrastat.commodity_code_2022_34024900","2022-01-01",""
"account_intrastat.commodity_code_2022_34025010","2022-01-01",""
"account_intrastat.commodity_code_2022_34025090","2022-01-01",""
"account_intrastat.commodity_code_2022_36031000","2022-01-01",""
"account_intrastat.commodity_code_2022_36032000","2022-01-01",""
"account_intrastat.commodity_code_2022_36033000","2022-01-01",""
"account_intrastat.commodity_code_2022_36034000","2022-01-01",""
"account_intrastat.commodity_code_2022_36035000","2022-01-01",""
"account_intrastat.commodity_code_2022_36036000","2022-01-01",""
"account_intrastat.commodity_code_2022_38160010","2022-01-01",""
"account_intrastat.commodity_code_2022_38160090","2022-01-01",""
"account_intrastat.commodity_code_2022_38221100","2022-01-01",""
"account_intrastat.commodity_code_2022_38221200","2022-01-01",""
"account_intrastat.commodity_code_2022_38221300","2022-01-01",""
"account_intrastat.commodity_code_2022_38221900","2022-01-01",""
"account_intrastat.commodity_code_2022_38229000","2022-01-01",""
"account_intrastat.commodity_code_2022_38248900","2022-01-01",""
"account_intrastat.commodity_code_2022_38249200","2022-01-01",""
"account_intrastat.commodity_code_2022_38271100","2022-01-01",""
"account_intrastat.commodity_code_2022_38271200","2022-01-01",""
"account_intrastat.commodity_code_2022_38271300","2022-01-01",""
"account_intrastat.commodity_code_2022_38271400","2022-01-01",""
"account_intrastat.commodity_code_2022_38272000","2022-01-01",""
"account_intrastat.commodity_code_2022_38273100","2022-01-01",""
"account_intrastat.commodity_code_2022_38273200","2022-01-01",""
"account_intrastat.commodity_code_2022_38273900","2022-01-01",""
"account_intrastat.commodity_code_2022_38274000","2022-01-01",""
"account_intrastat.commodity_code_2022_38275100","2022-01-01",""
"account_intrastat.commodity_code_2022_38275900","2022-01-01",""
"account_intrastat.commodity_code_2022_38276100","2022-01-01",""
"account_intrastat.commodity_code_2022_38276200","2022-01-01",""
"account_intrastat.commodity_code_2022_38276300","2022-01-01",""
"account_intrastat.commodity_code_2022_38276400","2022-01-01",""
"account_intrastat.commodity_code_2022_38276500","2022-01-01",""
"account_intrastat.commodity_code_2022_38276800","2022-01-01",""
"account_intrastat.commodity_code_2022_38276900","2022-01-01",""
"account_intrastat.commodity_code_2022_38279000","2022-01-01",""
"account_intrastat.commodity_code_2022_39072100","2022-01-01",""
"account_intrastat.commodity_code_2022_39072911","2022-01-01",""
"account_intrastat.commodity_code_2022_39072920","2022-01-01",""
"account_intrastat.commodity_code_2022_39072991","2022-01-01",""
"account_intrastat.commodity_code_2022_39072999","2022-01-01",""
"account_intrastat.commodity_code_2022_39112000","2022-01-01",""
"account_intrastat.commodity_code_2022_39269060","2022-01-01",""
"account_intrastat.commodity_code_2022_40151200","2022-01-01",""
"account_intrastat.commodity_code_2022_44012210","2022-01-01",""
"account_intrastat.commodity_code_2022_44012290","2022-01-01",""
"account_intrastat.commodity_code_2022_44013200","2022-01-01",""
"account_intrastat.commodity_code_2022_44014100","2022-01-01",""
"account_intrastat.commodity_code_2022_44014900","2022-01-01",""
"account_intrastat.commodity_code_2022_44022000","2022-01-01",""
"account_intrastat.commodity_code_2022_44034200","2022-01-01",""
"account_intrastat.commodity_code_2022_44071300","2022-01-01",""
"account_intrastat.commodity_code_2022_44071400","2022-01-01",""
"account_intrastat.commodity_code_2022_44072310","2022-01-01",""
"account_intrastat.commodity_code_2022_44072320","2022-01-01",""
"account_intrastat.commodity_code_2022_44072390","2022-01-01",""
"account_intrastat.commodity_code_2022_44111292","2022-01-01",""
"account_intrastat.commodity_code_2022_44111294","2022-01-01",""
"account_intrastat.commodity_code_2022_44111392","2022-01-01",""
"account_intrastat.commodity_code_2022_44111394","2022-01-01",""
"account_intrastat.commodity_code_2022_44111492","2022-01-01",""
"account_intrastat.commodity_code_2022_44111495","2022-01-01",""
"account_intrastat.commodity_code_2022_44111497","2022-01-01",""
"account_intrastat.commodity_code_2022_44119300","2022-01-01",""
"account_intrastat.commodity_code_2022_44123310","2022-01-01",""
"account_intrastat.commodity_code_2022_44123320","2022-01-01",""
"account_intrastat.commodity_code_2022_44123330","2022-01-01",""
"account_intrastat.commodity_code_2022_44123390","2022-01-01",""
"account_intrastat.commodity_code_2022_44124191","2022-01-01",""
"account_intrastat.commodity_code_2022_44124199","2022-01-01",""
"account_intrastat.commodity_code_2022_44124200","2022-01-01",""
"account_intrastat.commodity_code_2022_44124900","2022-01-01",""
"account_intrastat.commodity_code_2022_44125110","2022-01-01",""
"account_intrastat.commodity_code_2022_44125190","2022-01-01",""
"account_intrastat.commodity_code_2022_44125200","2022-01-01",""
"account_intrastat.commodity_code_2022_44125900","2022-01-01",""
"account_intrastat.commodity_code_2022_44129110","2022-01-01",""
"account_intrastat.commodity_code_2022_44129191","2022-01-01",""
"account_intrastat.commodity_code_2022_44129199","2022-01-01",""
"account_intrastat.commodity_code_2022_44129210","2022-01-01",""
"account_intrastat.commodity_code_2022_44129290","2022-01-01",""
"account_intrastat.commodity_code_2022_44129910","2022-01-01",""
"account_intrastat.commodity_code_2022_44129990","2022-01-01",""
"account_intrastat.commodity_code_2022_44141010","2022-01-01",""
"account_intrastat.commodity_code_2022_44141090","2022-01-01",""
"account_intrastat.commodity_code_2022_44149000","2022-01-01",""
"account_intrastat.commodity_code_2022_44181100","2022-01-01",""
"account_intrastat.commodity_code_2022_44181950","2022-01-01",""
"account_intrastat.commodity_code_2022_44181990","2022-01-01",""
"account_intrastat.commodity_code_2022_44182110","2022-01-01",""
"account_intrastat.commodity_code_2022_44182190","2022-01-01",""
"account_intrastat.commodity_code_2022_44182950","2022-01-01",""
"account_intrastat.commodity_code_2022_44182980","2022-01-01",""
"account_intrastat.commodity_code_2022_44183000","2022-01-01",""
"account_intrastat.commodity_code_2022_44188100","2022-01-01",""
"account_intrastat.commodity_code_2022_44188200","2022-01-01",""
"account_intrastat.commodity_code_2022_44188300","2022-01-01",""
"account_intrastat.commodity_code_2022_44188900","2022-01-01",""
"account_intrastat.commodity_code_2022_44189200","2022-01-01",""
"account_intrastat.commodity_code_2022_44189900","2022-01-01",""
"account_intrastat.commodity_code_2022_44192010","2022-01-01",""
"account_intrastat.commodity_code_2022_44192090","2022-01-01",""
"account_intrastat.commodity_code_2022_44199000","2022-01-01",""
"account_intrastat.commodity_code_2022_44201110","2022-01-01",""
"account_intrastat.commodity_code_2022_44201190","2022-01-01",""
"account_intrastat.commodity_code_2022_44201900","2022-01-01",""
"account_intrastat.commodity_code_2022_44212000","2022-01-01",""
"account_intrastat.commodity_code_2022_49052000","2022-01-01",""
"account_intrastat.commodity_code_2022_49059000","2022-01-01",""
"account_intrastat.commodity_code_2022_55011100","2022-01-01",""
"account_intrastat.commodity_code_2022_55011900","2022-01-01",""
"account_intrastat.commodity_code_2022_57032100","2022-01-01",""
"account_intrastat.commodity_code_2022_57032910","2022-01-01",""
"account_intrastat.commodity_code_2022_57032919","2022-01-01",""
"account_intrastat.commodity_code_2022_57032991","2022-01-01",""
"account_intrastat.commodity_code_2022_57032999","2022-01-01",""
"account_intrastat.commodity_code_2022_57033100","2022-01-01",""
"account_intrastat.commodity_code_2022_57033910","2022-01-01",""
"account_intrastat.commodity_code_2022_57033919","2022-01-01",""
"account_intrastat.commodity_code_2022_57033991","2022-01-01",""
"account_intrastat.commodity_code_2022_57033999","2022-01-01",""
"account_intrastat.commodity_code_2022_58021000","2022-01-01",""
"account_intrastat.commodity_code_2022_62012000","2022-01-01",""
"account_intrastat.commodity_code_2022_62013010","2022-01-01",""
"account_intrastat.commodity_code_2022_62013090","2022-01-01",""
"account_intrastat.commodity_code_2022_62014010","2022-01-01",""
"account_intrastat.commodity_code_2022_62014090","2022-01-01",""
"account_intrastat.commodity_code_2022_62019000","2022-01-01",""
"account_intrastat.commodity_code_2022_62022000","2022-01-01",""
"account_intrastat.commodity_code_2022_62023010","2022-01-01",""
"account_intrastat.commodity_code_2022_62023090","2022-01-01",""
"account_intrastat.commodity_code_2022_62024010","2022-01-01",""
"account_intrastat.commodity_code_2022_62024090","2022-01-01",""
"account_intrastat.commodity_code_2022_62029000","2022-01-01",""
"account_intrastat.commodity_code_2022_63079093","2022-01-01",""
"account_intrastat.commodity_code_2022_63079095","2022-01-01",""
"account_intrastat.commodity_code_2022_68151100","2022-01-01",""
"account_intrastat.commodity_code_2022_68151200","2022-01-01",""
"account_intrastat.commodity_code_2022_68151300","2022-01-01",""
"account_intrastat.commodity_code_2022_68151900","2022-01-01",""
"account_intrastat.commodity_code_2022_70191300","2022-01-01",""
"account_intrastat.commodity_code_2022_70191400","2022-01-01",""
"account_intrastat.commodity_code_2022_70191500","2022-01-01",""
"account_intrastat.commodity_code_2022_70191900","2022-01-01",""
"account_intrastat.commodity_code_2022_70196100","2022-01-01",""
"account_intrastat.commodity_code_2022_70196200","2022-01-01",""
"account_intrastat.commodity_code_2022_70196300","2022-01-01",""
"account_intrastat.commodity_code_2022_70196400","2022-01-01",""
"account_intrastat.commodity_code_2022_70196500","2022-01-01",""
"account_intrastat.commodity_code_2022_70196600","2022-01-01",""
"account_intrastat.commodity_code_2022_70196910","2022-01-01",""
"account_intrastat.commodity_code_2022_70196990","2022-01-01",""
"account_intrastat.commodity_code_2022_70197100","2022-01-01",""
"account_intrastat.commodity_code_2022_70197200","2022-01-01",""
"account_intrastat.commodity_code_2022_70197300","2022-01-01",""
"account_intrastat.commodity_code_2022_70198010","2022-01-01",""
"account_intrastat.commodity_code_2022_70198090","2022-01-01",""
"account_intrastat.commodity_code_2022_71042100","2022-01-01",""
"account_intrastat.commodity_code_2022_71042900","2022-01-01",""
"account_intrastat.commodity_code_2022_71049100","2022-01-01",""
"account_intrastat.commodity_code_2022_71049900","2022-01-01",""
"account_intrastat.commodity_code_2022_73043950","2022-01-01",""
"account_intrastat.commodity_code_2022_73043982","2022-01-01",""
"account_intrastat.commodity_code_2022_73043983","2022-01-01",""
"account_intrastat.commodity_code_2022_73043988","2022-01-01",""
"account_intrastat.commodity_code_2022_73044983","2022-01-01",""
"account_intrastat.commodity_code_2022_73044985","2022-01-01",""
"account_intrastat.commodity_code_2022_73044989","2022-01-01",""
"account_intrastat.commodity_code_2022_73045110","2022-01-01",""
"account_intrastat.commodity_code_2022_73045930","2022-01-01",""
"account_intrastat.commodity_code_2022_73045982","2022-01-01",""
"account_intrastat.commodity_code_2022_73045983","2022-01-01",""
"account_intrastat.commodity_code_2022_73045989","2022-01-01",""
"account_intrastat.commodity_code_2022_73061100","2022-01-01",""
"account_intrastat.commodity_code_2022_73061900","2022-01-01",""
"account_intrastat.commodity_code_2022_73063012","2022-01-01",""
"account_intrastat.commodity_code_2022_73063018","2022-01-01",""
"account_intrastat.commodity_code_2022_73065021","2022-01-01",""
"account_intrastat.commodity_code_2022_73065029","2022-01-01",""
"account_intrastat.commodity_code_2022_74192000","2022-01-01",""
"account_intrastat.commodity_code_2022_74198010","2022-01-01",""
"account_intrastat.commodity_code_2022_74198030","2022-01-01",""
"account_intrastat.commodity_code_2022_74198090","2022-01-01",""
"account_intrastat.commodity_code_2022_76061130","2022-01-01",""
"account_intrastat.commodity_code_2022_76061150","2022-01-01",""
"account_intrastat.commodity_code_2022_76061230","2022-01-01",""
"account_intrastat.commodity_code_2022_76061250","2022-01-01",""
"account_intrastat.commodity_code_2022_76072091","2022-01-01",""
"account_intrastat.commodity_code_2022_76072099","2022-01-01",""
"account_intrastat.commodity_code_2022_81039100","2022-01-01",""
"account_intrastat.commodity_code_2022_81039910","2022-01-01",""
"account_intrastat.commodity_code_2022_81039990","2022-01-01",""
"account_intrastat.commodity_code_2022_81061010","2022-01-01",""
"account_intrastat.commodity_code_2022_81061090","2022-01-01",""
"account_intrastat.commodity_code_2022_81069010","2022-01-01",""
"account_intrastat.commodity_code_2022_81069090","2022-01-01",""
"account_intrastat.commodity_code_2022_81092100","2022-01-01",""
"account_intrastat.commodity_code_2022_81092900","2022-01-01",""
"account_intrastat.commodity_code_2022_81093100","2022-01-01",""
"account_intrastat.commodity_code_2022_81093900","2022-01-01",""
"account_intrastat.commodity_code_2022_81099100","2022-01-01",""
"account_intrastat.commodity_code_2022_81099900","2022-01-01",""
"account_intrastat.commodity_code_2022_81123100","2022-01-01",""
"account_intrastat.commodity_code_2022_81123900","2022-01-01",""
"account_intrastat.commodity_code_2022_81124110","2022-01-01",""
"account_intrastat.commodity_code_2022_81124190","2022-01-01",""
"account_intrastat.commodity_code_2022_81124900","2022-01-01",""
"account_intrastat.commodity_code_2022_81126100","2022-01-01",""
"account_intrastat.commodity_code_2022_81126910","2022-01-01",""
"account_intrastat.commodity_code_2022_81126990","2022-01-01",""
"account_intrastat.commodity_code_2022_81129240","2022-01-01",""
"account_intrastat.commodity_code_2022_81129940","2022-01-01",""
"account_intrastat.commodity_code_2022_81129950","2022-01-01",""
"account_intrastat.commodity_code_2022_84147000","2022-01-01",""
"account_intrastat.commodity_code_2022_84191200","2022-01-01",""
"account_intrastat.commodity_code_2022_84193300","2022-01-01",""
"account_intrastat.commodity_code_2022_84193400","2022-01-01",""
"account_intrastat.commodity_code_2022_84193500","2022-01-01",""
"account_intrastat.commodity_code_2022_84213200","2022-01-01",""
"account_intrastat.commodity_code_2022_84287000","2022-01-01",""
"account_intrastat.commodity_code_2022_84621110","2022-01-01",""
"account_intrastat.commodity_code_2022_84621190","2022-01-01",""
"account_intrastat.commodity_code_2022_84621910","2022-01-01",""
"account_intrastat.commodity_code_2022_84621990","2022-01-01",""
"account_intrastat.commodity_code_2022_84622210","2022-01-01",""
"account_intrastat.commodity_code_2022_84622290","2022-01-01",""
"account_intrastat.commodity_code_2022_84622300","2022-01-01",""
"account_intrastat.commodity_code_2022_84622400","2022-01-01",""
"account_intrastat.commodity_code_2022_84622500","2022-01-01",""
"account_intrastat.commodity_code_2022_84622600","2022-01-01",""
"account_intrastat.commodity_code_2022_84622990","2022-01-01",""
"account_intrastat.commodity_code_2022_84623210","2022-01-01",""
"account_intrastat.commodity_code_2022_84623290","2022-01-01",""
"account_intrastat.commodity_code_2022_84623300","2022-01-01",""
"account_intrastat.commodity_code_2022_84623900","2022-01-01",""
"account_intrastat.commodity_code_2022_84624200","2022-01-01",""
"account_intrastat.commodity_code_2022_84624900","2022-01-01",""
"account_intrastat.commodity_code_2022_84625100","2022-01-01",""
"account_intrastat.commodity_code_2022_84625900","2022-01-01",""
"account_intrastat.commodity_code_2022_84626110","2022-01-01",""
"account_intrastat.commodity_code_2022_84626190","2022-01-01",""
"account_intrastat.commodity_code_2022_84626210","2022-01-01",""
"account_intrastat.commodity_code_2022_84626290","2022-01-01",""
"account_intrastat.commodity_code_2022_84626310","2022-01-01",""
"account_intrastat.commodity_code_2022_84626390","2022-01-01",""
"account_intrastat.commodity_code_2022_84626910","2022-01-01",""
"account_intrastat.commodity_code_2022_84626990","2022-01-01",""
"account_intrastat.commodity_code_2022_84629010","2022-01-01",""
"account_intrastat.commodity_code_2022_84629090","2022-01-01",""
"account_intrastat.commodity_code_2022_84798300","2022-01-01",""
"account_intrastat.commodity_code_2022_84851000","2022-01-01",""
"account_intrastat.commodity_code_2022_84852000","2022-01-01",""
"account_intrastat.commodity_code_2022_84853010","2022-01-01",""
"account_intrastat.commodity_code_2022_84853090","2022-01-01",""
"account_intrastat.commodity_code_2022_84858000","2022-01-01",""
"account_intrastat.commodity_code_2022_84859010","2022-01-01",""
"account_intrastat.commodity_code_2022_84859090","2022-01-01",""
"account_intrastat.commodity_code_2022_85017100","2022-01-01",""
"account_intrastat.commodity_code_2022_85017200","2022-01-01",""
"account_intrastat.commodity_code_2022_85018000","2022-01-01",""
"account_intrastat.commodity_code_2022_85049013","2022-01-01",""
"account_intrastat.commodity_code_2022_85049017","2022-01-01",""
"account_intrastat.commodity_code_2022_85141100","2022-01-01",""
"account_intrastat.commodity_code_2022_85141910","2022-01-01",""
"account_intrastat.commodity_code_2022_85141980","2022-01-01",""
"account_intrastat.commodity_code_2022_85143110","2022-01-01",""
"account_intrastat.commodity_code_2022_85143190","2022-01-01",""
"account_intrastat.commodity_code_2022_85143210","2022-01-01",""
"account_intrastat.commodity_code_2022_85143290","2022-01-01",""
"account_intrastat.commodity_code_2022_85143910","2022-01-01",""
"account_intrastat.commodity_code_2022_85143990","2022-01-01",""
"account_intrastat.commodity_code_2022_85171300","2022-01-01",""
"account_intrastat.commodity_code_2022_85171400","2022-01-01",""
"account_intrastat.commodity_code_2022_85177100","2022-01-01",""
"account_intrastat.commodity_code_2022_85177900","2022-01-01",""
"account_intrastat.commodity_code_2022_85241100","2022-01-01",""
"account_intrastat.commodity_code_2022_85241200","2022-01-01",""
"account_intrastat.commodity_code_2022_85241900","2022-01-01",""
"account_intrastat.commodity_code_2022_85249100","2022-01-01",""
"account_intrastat.commodity_code_2022_85249200","2022-01-01",""
"account_intrastat.commodity_code_2022_85249900","2022-01-01",""
"account_intrastat.commodity_code_2022_85258100","2022-01-01",""
"account_intrastat.commodity_code_2022_85258200","2022-01-01",""
"account_intrastat.commodity_code_2022_85258300","2022-01-01",""
"account_intrastat.commodity_code_2022_85258900","2022-01-01",""
"account_intrastat.commodity_code_2022_85299018","2022-01-01",""
"account_intrastat.commodity_code_2022_85299040","2022-01-01",""
"account_intrastat.commodity_code_2022_85395100","2022-01-01",""
"account_intrastat.commodity_code_2022_85395200","2022-01-01",""
"account_intrastat.commodity_code_2022_85414100","2022-01-01",""
"account_intrastat.commodity_code_2022_85414200","2022-01-01",""
"account_intrastat.commodity_code_2022_85414300","2022-01-01",""
"account_intrastat.commodity_code_2022_85414900","2022-01-01",""
"account_intrastat.commodity_code_2022_85415100","2022-01-01",""
"account_intrastat.commodity_code_2022_85415900","2022-01-01",""
"account_intrastat.commodity_code_2022_85434000","2022-01-01",""
"account_intrastat.commodity_code_2022_85480020","2022-01-01",""
"account_intrastat.commodity_code_2022_85480030","2022-01-01",""
"account_intrastat.commodity_code_2022_85480090","2022-01-01",""
"account_intrastat.commodity_code_2022_85491110","2022-01-01",""
"account_intrastat.commodity_code_2022_85491190","2022-01-01",""
"account_intrastat.commodity_code_2022_85491210","2022-01-01",""
"account_intrastat.commodity_code_2022_85491220","2022-01-01",""
"account_intrastat.commodity_code_2022_85491290","2022-01-01",""
"account_intrastat.commodity_code_2022_85491310","2022-01-01",""
"account_intrastat.commodity_code_2022_85491320","2022-01-01",""
"account_intrastat.commodity_code_2022_85491390","2022-01-01",""
"account_intrastat.commodity_code_2022_85491410","2022-01-01",""
"account_intrastat.commodity_code_2022_85491420","2022-01-01",""
"account_intrastat.commodity_code_2022_85491490","2022-01-01",""
"account_intrastat.commodity_code_2022_85491910","2022-01-01",""
"account_intrastat.commodity_code_2022_85491920","2022-01-01",""
"account_intrastat.commodity_code_2022_85491990","2022-01-01",""
"account_intrastat.commodity_code_2022_85492100","2022-01-01",""
"account_intrastat.commodity_code_2022_85492900","2022-01-01",""
"account_intrastat.commodity_code_2022_85493100","2022-01-01",""
"account_intrastat.commodity_code_2022_85493900","2022-01-01",""
"account_intrastat.commodity_code_2022_85499100","2022-01-01",""
"account_intrastat.commodity_code_2022_85499900","2022-01-01",""
"account_intrastat.commodity_code_2022_87012110","2022-01-01",""
"account_intrastat.commodity_code_2022_87012190","2022-01-01",""
"account_intrastat.commodity_code_2022_87012210","2022-01-01",""
"account_intrastat.commodity_code_2022_87012290","2022-01-01",""
"account_intrastat.commodity_code_2022_87012310","2022-01-01",""
"account_intrastat.commodity_code_2022_87012390","2022-01-01",""
"account_intrastat.commodity_code_2022_87012410","2022-01-01",""
"account_intrastat.commodity_code_2022_87012490","2022-01-01",""
"account_intrastat.commodity_code_2022_87012900","2022-01-01",""
"account_intrastat.commodity_code_2022_87044110","2022-01-01",""
"account_intrastat.commodity_code_2022_87044131","2022-01-01",""
"account_intrastat.commodity_code_2022_87044139","2022-01-01",""
"account_intrastat.commodity_code_2022_87044191","2022-01-01",""
"account_intrastat.commodity_code_2022_87044199","2022-01-01",""
"account_intrastat.commodity_code_2022_87044210","2022-01-01",""
"account_intrastat.commodity_code_2022_87044291","2022-01-01",""
"account_intrastat.commodity_code_2022_87044299","2022-01-01",""
"account_intrastat.commodity_code_2022_87044310","2022-01-01",""
"account_intrastat.commodity_code_2022_87044391","2022-01-01",""
"account_intrastat.commodity_code_2022_87044399","2022-01-01",""
"account_intrastat.commodity_code_2022_87045110","2022-01-01",""
"account_intrastat.commodity_code_2022_87045131","2022-01-01",""
"account_intrastat.commodity_code_2022_87045139","2022-01-01",""
"account_intrastat.commodity_code_2022_87045191","2022-01-01",""
"account_intrastat.commodity_code_2022_87045199","2022-01-01",""
"account_intrastat.commodity_code_2022_87045210","2022-01-01",""
"account_intrastat.commodity_code_2022_87045291","2022-01-01",""
"account_intrastat.commodity_code_2022_87045299","2022-01-01",""
"account_intrastat.commodity_code_2022_87046000","2022-01-01",""
"account_intrastat.commodity_code_2022_87082210","2022-01-01",""
"account_intrastat.commodity_code_2022_87082290","2022-01-01",""
"account_intrastat.commodity_code_2022_88061010","2022-01-01",""
"account_intrastat.commodity_code_2022_88061090","2022-01-01",""
"account_intrastat.commodity_code_2022_88062110","2022-01-01",""
"account_intrastat.commodity_code_2022_88062190","2022-01-01",""
"account_intrastat.commodity_code_2022_88062210","2022-01-01",""
"account_intrastat.commodity_code_2022_88062290","2022-01-01",""
"account_intrastat.commodity_code_2022_88062300","2022-01-01",""
"account_intrastat.commodity_code_2022_88062400","2022-01-01",""
"account_intrastat.commodity_code_2022_88062910","2022-01-01",""
"account_intrastat.commodity_code_2022_88062920","2022-01-01",""
"account_intrastat.commodity_code_2022_88069100","2022-01-01",""
"account_intrastat.commodity_code_2022_88069200","2022-01-01",""
"account_intrastat.commodity_code_2022_88069300","2022-01-01",""
"account_intrastat.commodity_code_2022_88069400","2022-01-01",""
"account_intrastat.commodity_code_2022_88069910","2022-01-01",""
"account_intrastat.commodity_code_2022_88069920","2022-01-01",""
"account_intrastat.commodity_code_2022_88071000","2022-01-01",""
"account_intrastat.commodity_code_2022_88072000","2022-01-01",""
"account_intrastat.commodity_code_2022_88073000","2022-01-01",""
"account_intrastat.commodity_code_2022_88079010","2022-01-01",""
"account_intrastat.commodity_code_2022_88079021","2022-01-01",""
"account_intrastat.commodity_code_2022_88079029","2022-01-01",""
"account_intrastat.commodity_code_2022_88079030","2022-01-01",""
"account_intrastat.commodity_code_2022_88079090","2022-01-01",""
"account_intrastat.commodity_code_2022_89031100","2022-01-01",""
"account_intrastat.commodity_code_2022_89031200","2022-01-01",""
"account_intrastat.commodity_code_2022_89031900","2022-01-01",""
"account_intrastat.commodity_code_2022_89032100","2022-01-01",""
"account_intrastat.commodity_code_2022_89032210","2022-01-01",""
"account_intrastat.commodity_code_2022_89032290","2022-01-01",""
"account_intrastat.commodity_code_2022_89032310","2022-01-01",""
"account_intrastat.commodity_code_2022_89032390","2022-01-01",""
"account_intrastat.commodity_code_2022_89033100","2022-01-01",""
"account_intrastat.commodity_code_2022_89033210","2022-01-01",""
"account_intrastat.commodity_code_2022_89033290","2022-01-01",""
"account_intrastat.commodity_code_2022_89033310","2022-01-01",""
"account_intrastat.commodity_code_2022_89033390","2022-01-01",""
"account_intrastat.commodity_code_2022_89039310","2022-01-01",""
"account_intrastat.commodity_code_2022_89039390","2022-01-01",""
"account_intrastat.commodity_code_2022_90138000","2022-01-01",""
"account_intrastat.commodity_code_2022_90192010","2022-01-01",""
"account_intrastat.commodity_code_2022_90192020","2022-01-01",""
"account_intrastat.commodity_code_2022_90192090","2022-01-01",""
"account_intrastat.commodity_code_2022_90200010","2022-01-01",""
"account_intrastat.commodity_code_2022_90200090","2022-01-01",""
"account_intrastat.commodity_code_2022_90278100","2022-01-01",""
"account_intrastat.commodity_code_2022_90278910","2022-01-01",""
"account_intrastat.commodity_code_2022_90278930","2022-01-01",""
"account_intrastat.commodity_code_2022_90278990","2022-01-01",""
"account_intrastat.commodity_code_2022_91149010","2022-01-01",""
"account_intrastat.commodity_code_2022_91149090","2022-01-01",""
"account_intrastat.commodity_code_2022_94013100","2022-01-01",""
"account_intrastat.commodity_code_2022_94013900","2022-01-01",""
"account_intrastat.commodity_code_2022_94014100","2022-01-01",""
"account_intrastat.commodity_code_2022_94014900","2022-01-01",""
"account_intrastat.commodity_code_2022_94019110","2022-01-01",""
"account_intrastat.commodity_code_2022_94019190","2022-01-01",""
"account_intrastat.commodity_code_2022_94019910","2022-01-01",""
"account_intrastat.commodity_code_2022_94019990","2022-01-01",""
"account_intrastat.commodity_code_2022_94039100","2022-01-01",""
"account_intrastat.commodity_code_2022_94039910","2022-01-01",""
"account_intrastat.commodity_code_2022_94039990","2022-01-01",""
"account_intrastat.commodity_code_2022_94044010","2022-01-01",""
"account_intrastat.commodity_code_2022_94044090","2022-01-01",""
"account_intrastat.commodity_code_2022_94051140","2022-01-01",""
"account_intrastat.commodity_code_2022_94051150","2022-01-01",""
"account_intrastat.commodity_code_2022_94051190","2022-01-01",""
"account_intrastat.commodity_code_2022_94051940","2022-01-01",""
"account_intrastat.commodity_code_2022_94051950","2022-01-01",""
"account_intrastat.commodity_code_2022_94051990","2022-01-01",""
"account_intrastat.commodity_code_2022_94052140","2022-01-01",""
"account_intrastat.commodity_code_2022_94052150","2022-01-01",""
"account_intrastat.commodity_code_2022_94052190","2022-01-01",""
"account_intrastat.commodity_code_2022_94052940","2022-01-01",""
"account_intrastat.commodity_code_2022_94052950","2022-01-01",""
"account_intrastat.commodity_code_2022_94052990","2022-01-01",""
"account_intrastat.commodity_code_2022_94053100","2022-01-01",""
"account_intrastat.commodity_code_2022_94053900","2022-01-01",""
"account_intrastat.commodity_code_2022_94054110","2022-01-01",""
"account_intrastat.commodity_code_2022_94054131","2022-01-01",""
"account_intrastat.commodity_code_2022_94054139","2022-01-01",""
"account_intrastat.commodity_code_2022_94054210","2022-01-01",""
"account_intrastat.commodity_code_2022_94054231","2022-01-01",""
"account_intrastat.commodity_code_2022_94054239","2022-01-01",""
"account_intrastat.commodity_code_2022_94054910","2022-01-01",""
"account_intrastat.commodity_code_2022_94054940","2022-01-01",""
"account_intrastat.commodity_code_2022_94054990","2022-01-01",""
"account_intrastat.commodity_code_2022_94056120","2022-01-01",""
"account_intrastat.commodity_code_2022_94056180","2022-01-01",""
"account_intrastat.commodity_code_2022_94056920","2022-01-01",""
"account_intrastat.commodity_code_2022_94056980","2022-01-01",""
"account_intrastat.commodity_code_2022_94062000","2022-01-01",""
"account_intrastat.commodity_code_2022_95082100","2022-01-01",""
"account_intrastat.commodity_code_2022_95082200","2022-01-01",""
"account_intrastat.commodity_code_2022_95082300","2022-01-01",""
"account_intrastat.commodity_code_2022_95082400","2022-01-01",""
"account_intrastat.commodity_code_2022_95082500","2022-01-01",""
"account_intrastat.commodity_code_2022_95082600","2022-01-01",""
"account_intrastat.commodity_code_2022_95082900","2022-01-01",""
"account_intrastat.commodity_code_2022_95083000","2022-01-01",""
"account_intrastat.commodity_code_2022_95084000","2022-01-01",""
"account_intrastat.commodity_code_2022_97012100","2022-01-01",""
"account_intrastat.commodity_code_2022_97012200","2022-01-01",""
"account_intrastat.commodity_code_2022_97012900","2022-01-01",""
"account_intrastat.commodity_code_2022_97019100","2022-01-01",""
"account_intrastat.commodity_code_2022_97019200","2022-01-01",""
"account_intrastat.commodity_code_2022_97019900","2022-01-01",""
"account_intrastat.commodity_code_2022_97021000","2022-01-01",""
"account_intrastat.commodity_code_2022_97029000","2022-01-01",""
"account_intrastat.commodity_code_2022_97031000","2022-01-01",""
"account_intrastat.commodity_code_2022_97039000","2022-01-01",""
"account_intrastat.commodity_code_2022_97051000","2022-01-01",""
"account_intrastat.commodity_code_2022_97052100","2022-01-01",""
"account_intrastat.commodity_code_2022_97052200","2022-01-01",""
"account_intrastat.commodity_code_2022_97052900","2022-01-01",""
"account_intrastat.commodity_code_2022_97053100","2022-01-01",""
"account_intrastat.commodity_code_2022_97053900","2022-01-01",""
"account_intrastat.commodity_code_2022_97061000","2022-01-01",""
"account_intrastat.commodity_code_2022_97069000","2022-01-01",""
"account_intrastat.commodity_code_2022_99450000","2022-01-01",""
"account_intrastat.commodity_code_2022_99500000","2022-01-01",""
"account_intrastat.commodity_code_2022_99600000","2022-01-01",""
"account_intrastat.commodity_code_2022_99700000","2022-01-01",""
